mlb,verifeid_photo,pegar_foto,marca_dagua,texto_na_foto,path_file_photo
MLB1021384277,False,False,False,False,MLB1021384277_PHOTOID631422-MLB79686193475_102024_3.jpg
MLB1021384277,False,False,False,False,MLB1021384277_PHOTOID661001-MLB79686193467_102024_4.jpg
MLB1021384277,False,False,False,False,MLB1021384277_PHOTOID688613-MLB79686193469_102024_1.jpg
MLB1021384277,False,False,False,False,MLB1021384277_PHOTOID711408-MLB79686193471_102024_2.jpg
MLB1021384277,False,False,False,False,MLB1021384277_PHOTOID949506-MLB79686193473_102024_0.jpg
MLB1103107763,False,False,False,False,MLB1103107763_PHOTOID608469-MLB69837938025_062023_2.jpg
MLB1103107763,False,False,False,False,MLB1103107763_PHOTOID628523-MLB69821047874_062023_3.jpg
MLB1103107763,False,False,False,False,MLB1103107763_PHOTOID983599-MLB73063291257_112023_0.jpg
MLB1103107763,False,False,False,False,MLB1103107763_PHOTOID994444-MLB69821669922_062023_1.jpg
MLB1241460336,False,False,False,False,MLB1241460336_PHOTOID693204-MLB72306544207_102023_5.jpg
MLB1241460336,False,False,False,False,MLB1241460336_PHOTOID710185-MLB72244126062_102023_3.jpg
MLB1241460336,False,False,False,False,MLB1241460336_PHOTOID744928-MLB72307314919_102023_8.jpg
MLB1241460336,False,False,False,False,MLB1241460336_PHOTOID759863-MLB72306612483_102023_0.jpg
MLB1241460336,False,False,False,False,MLB1241460336_PHOTOID777844-MLB72244106422_102023_9.jpg
MLB1241460336,False,False,False,False,MLB1241460336_PHOTOID837854-MLB72306544195_102023_4.jpg
MLB1241460336,False,False,False,False,MLB1241460336_PHOTOID846356-MLB72306593549_102023_1.jpg
MLB1241460336,False,False,False,False,MLB1241460336_PHOTOID852542-MLB72307256323_102023_6.jpg
MLB1241460336,False,False,False,False,MLB1241460336_PHOTOID871078-MLB72306563205_102023_2.jpg
MLB1241460336,False,False,False,False,MLB1241460336_PHOTOID923092-MLB72306622533_102023_7.jpg
MLB1276127225,False,False,False,False,MLB1276127225_PHOTOID604398-MLB51949821612_102022_9.jpg
MLB1276127225,False,False,False,False,MLB1276127225_PHOTOID656073-MLB51949765793_102022_2.jpg
MLB1276127225,False,False,False,False,MLB1276127225_PHOTOID664462-MLB51949765794_102022_3.jpg
MLB1276127225,False,False,False,False,MLB1276127225_PHOTOID685812-MLB51949819579_102022_1.jpg
MLB1276127225,False,False,False,False,MLB1276127225_PHOTOID688947-MLB51949768806_102022_0.jpg
MLB1276127225,False,False,False,False,MLB1276127225_PHOTOID695699-MLB51949778744_102022_4.jpg
MLB1276127225,False,False,False,False,MLB1276127225_PHOTOID701631-MLB51949759810_102022_8.jpg
MLB1276127225,False,False,False,False,MLB1276127225_PHOTOID724349-MLB51949930120_102022_7.jpg
MLB1276127225,False,False,False,False,MLB1276127225_PHOTOID848830-MLB51949859439_102022_6.jpg
MLB1276127225,False,False,False,False,MLB1276127225_PHOTOID948451-MLB51949871351_102022_5.jpg
MLB1321253813,False,False,False,False,MLB1321253813_PHOTOID629509-MLB79388861359_092024_1.jpg
MLB1321253813,False,False,False,False,MLB1321253813_PHOTOID866521-MLB72006744537_092023_4.jpg
MLB1321253813,False,False,False,False,MLB1321253813_PHOTOID872506-MLB72006744535_092023_3.jpg
MLB1321253813,False,False,False,False,MLB1321253813_PHOTOID872717-MLB79388861361_092024_0.jpg
MLB1321253813,False,False,False,False,MLB1321253813_PHOTOID942740-MLB72006744543_092023_2.jpg
MLB1688523855,False,False,False,False,MLB1688523855_PHOTOID679492-MLB72180955557_102023_3.jpg
MLB1688523855,False,False,False,False,MLB1688523855_PHOTOID827288-MLB72180955563_102023_1.jpg
MLB1688523855,False,False,False,False,MLB1688523855_PHOTOID866493-MLB72180955561_102023_0.jpg
MLB1688523855,False,False,False,False,MLB1688523855_PHOTOID872237-MLB72180955559_102023_2.jpg
MLB1690794730,False,False,False,False,MLB1690794730_PHOTOID668399-MLB43825211083_102020_0.jpg
MLB1690794730,False,False,False,False,MLB1690794730_PHOTOID755104-MLB43825203226_102020_1.jpg
MLB1690794730,False,False,False,False,MLB1690794730_PHOTOID829452-MLB43825211084_102020_4.jpg
MLB1690794730,False,False,False,False,MLB1690794730_PHOTOID847150-MLB43825199296_102020_2.jpg
MLB1690794730,False,False,False,False,MLB1690794730_PHOTOID853400-MLB43825211082_102020_3.jpg
MLB1727350838,False,False,False,False,MLB1727350838_PHOTOID687945-MLB52106056534_102022_0.jpg
MLB1727350838,False,False,False,False,MLB1727350838_PHOTOID715512-MLB44173941944_112020_3.jpg
MLB1727350838,False,False,False,False,MLB1727350838_PHOTOID784581-MLB44173950684_112020_1.jpg
MLB1727350838,False,False,False,False,MLB1727350838_PHOTOID916749-MLB44173969332_112020_5.jpg
MLB1727350838,False,False,False,False,MLB1727350838_PHOTOID948773-MLB44173968339_112020_2.jpg
MLB1727350838,False,False,False,False,MLB1727350838_PHOTOID992898-MLB44173966448_112020_4.jpg
MLB1752730502,False,False,False,False,MLB1752730502_PHOTOID619721-MLB44453595786_122020_0.jpg
MLB1779654093,False,False,False,False,MLB1779654093_PHOTOID666007-MLB43579844482_092020_3.jpg
MLB1779654093,False,False,False,False,MLB1779654093_PHOTOID872719-MLB43579844480_092020_2.jpg
MLB1779654093,False,False,False,False,MLB1779654093_PHOTOID935011-MLB43579844481_092020_1.jpg
MLB1779654093,False,False,False,False,MLB1779654093_PHOTOID998437-MLB43579844483_092020_0.jpg
MLB1829294195,False,False,False,False,MLB1829294195_PHOTOID696237-MLB52348948440_112022_0.jpg
MLB1829294195,False,False,False,False,MLB1829294195_PHOTOID860744-MLB52348950090_112022_1.jpg
MLB1829294195,False,False,False,False,MLB1829294195_PHOTOID925820-MLB52348950091_112022_2.jpg
MLB1839107954,False,False,False,False,MLB1839107954_PHOTOID656458-MLB33024619143_112019_0.jpg
MLB1839107954,False,False,False,False,MLB1839107954_PHOTOID982409-MLB33024614205_112019_1.jpg
MLB1854117596,False,False,False,False,MLB1854117596_PHOTOID748682-MLB43577872638_092020_1.jpg
MLB1854117596,False,False,False,False,MLB1854117596_PHOTOID771547-MLB43577872640_092020_3.jpg
MLB1854117596,False,False,False,False,MLB1854117596_PHOTOID788638-MLB43577872641_092020_2.jpg
MLB1854117596,False,False,False,False,MLB1854117596_PHOTOID878831-MLB43577872639_092020_0.jpg
MLB1914375480,False,False,False,False,MLB1914375480_PHOTOID667030-MLB72922091783_112023_3.jpg
MLB1914375480,False,False,False,False,MLB1914375480_PHOTOID862213-MLB72999663293_112023_0.jpg
MLB1914375480,False,False,False,False,MLB1914375480_PHOTOID946934-MLB72921874145_112023_1.jpg
MLB1914375480,False,False,False,False,MLB1914375480_PHOTOID960710-MLB72845534968_112023_2.jpg
MLB1940462832,False,False,False,False,MLB1940462832_PHOTOID686439-MLB46093137806_052021_2.jpg
MLB1940462832,False,False,False,False,MLB1940462832_PHOTOID899764-MLB46093275009_052021_0.jpg
MLB1940462832,False,False,False,False,MLB1940462832_PHOTOID980799-MLB46093256082_052021_1.jpg
MLB1940514990,False,False,False,False,MLB1940514990_PHOTOID781528-MLB45796894245_052021_1.jpg
MLB1940514990,False,False,False,False,MLB1940514990_PHOTOID808585-MLB45796849601_052021_2.jpg
MLB1940514990,False,False,False,False,MLB1940514990_PHOTOID985350-MLB45796915095_052021_0.jpg
MLB1943257472,False,False,False,False,MLB1943257472_PHOTOID824474-MLB73410887614_122023_2.jpg
MLB1943257472,False,False,False,False,MLB1943257472_PHOTOID866902-MLB73501599973_122023_0.jpg
MLB1943257472,False,False,False,False,MLB1943257472_PHOTOID940641-MLB73501638995_122023_3.jpg
MLB1943257472,False,False,False,False,MLB1943257472_PHOTOID946164-MLB73501353699_122023_1.jpg
MLB1985733479,False,False,False,False,MLB1985733479_PHOTOID617825-MLB72977103215_112023_0.jpg
MLB1985733479,False,False,False,False,MLB1985733479_PHOTOID733736-MLB72899490366_112023_3.jpg
MLB1985733479,False,False,False,False,MLB1985733479_PHOTOID737140-MLB72899233104_112023_2.jpg
MLB1985733479,False,False,False,False,MLB1985733479_PHOTOID843096-MLB72899510414_112023_1.jpg
MLB1985734644,False,False,False,False,MLB1985734644_PHOTOID646145-MLB72977709959_112023_2.jpg
MLB1985734644,False,False,False,False,MLB1985734644_PHOTOID676615-MLB72978045671_112023_0.jpg
MLB1985734644,False,False,False,False,MLB1985734644_PHOTOID709326-MLB72899522840_112023_1.jpg
MLB1985734644,False,False,False,False,MLB1985734644_PHOTOID834618-MLB72900105922_112023_3.jpg
MLB2005665463,False,False,False,False,MLB2005665463_PHOTOID682058-MLB74051863124_012024_4.jpg
MLB2005665463,False,False,False,False,MLB2005665463_PHOTOID713970-MLB74052315312_012024_0.jpg
MLB2005665463,False,False,False,False,MLB2005665463_PHOTOID795543-MLB74052315324_012024_7.jpg
MLB2005665463,False,False,False,False,MLB2005665463_PHOTOID798199-MLB74158851929_012024_2.jpg
MLB2005665463,False,False,False,False,MLB2005665463_PHOTOID808492-MLB74159365431_012024_8.jpg
MLB2005665463,False,False,False,False,MLB2005665463_PHOTOID841390-MLB74051773958_012024_1.jpg
MLB2005665463,False,False,False,False,MLB2005665463_PHOTOID846036-MLB74051773994_012024_9.jpg
MLB2005665463,False,False,False,False,MLB2005665463_PHOTOID905116-MLB74159394835_012024_6.jpg
MLB2005665463,False,False,False,False,MLB2005665463_PHOTOID927597-MLB74158723233_012024_3.jpg
MLB2005665463,False,False,False,False,MLB2005665463_PHOTOID995612-MLB74159365409_012024_5.jpg
MLB2042539669,False,False,False,False,MLB2042539669_PHOTOID635455-MLB79441605936_102024_2.jpg
MLB2042539669,False,False,False,False,MLB2042539669_PHOTOID737749-MLB79441605932_102024_0.jpg
MLB2042539669,False,False,False,False,MLB2042539669_PHOTOID770774-MLB79441605930_102024_3.jpg
MLB2042539669,False,False,False,False,MLB2042539669_PHOTOID907149-MLB79441605934_102024_4.jpg
MLB2042539669,False,False,False,False,MLB2042539669_PHOTOID924291-MLB79441605928_102024_5.jpg
MLB2042539669,False,False,False,False,MLB2042539669_PHOTOID931988-MLB79441605926_102024_1.jpg
MLB2087963962,False,False,False,False,MLB2087963962_PHOTOID724910-MLB52332870855_112022_3.jpg
MLB2087963962,False,False,False,False,MLB2087963962_PHOTOID814251-MLB75553175187_042024_0.jpg
MLB2087963962,False,False,False,False,MLB2087963962_PHOTOID823025-MLB52332885421_112022_1.jpg
MLB2087963962,False,False,False,False,MLB2087963962_PHOTOID851850-MLB52332870854_112022_2.jpg
MLB2101509717,False,False,False,False,MLB2101509717_PHOTOID731841-MLB52469545555_112022_2.jpg
MLB2101509717,False,False,False,False,MLB2101509717_PHOTOID738893-MLB73127832637_112023_0.jpg
MLB2101509717,False,False,False,False,MLB2101509717_PHOTOID868661-MLB52469559489_112022_3.jpg
MLB2101509717,False,False,False,False,MLB2101509717_PHOTOID943246-MLB52469607256_112022_1.jpg
MLB2117230553,False,False,False,False,MLB2117230553_PHOTOID691315-MLB52629345141_112022_1.jpg
MLB2117230553,False,False,False,False,MLB2117230553_PHOTOID727848-MLB52629145788_112022_3.jpg
MLB2117230553,False,False,False,False,MLB2117230553_PHOTOID730526-MLB52629345142_112022_2.jpg
MLB2117230553,False,False,False,False,MLB2117230553_PHOTOID835587-MLB72952508015_112023_0.jpg
MLB2130559847,False,False,False,False,MLB2130559847_PHOTOID744866-MLB52141375735_102022_0.jpg
MLB2130559847,False,False,False,False,MLB2130559847_PHOTOID768571-MLB52141391908_102022_1.jpg
MLB2130559847,False,False,False,False,MLB2130559847_PHOTOID860515-MLB52141391909_102022_3.jpg
MLB2130559847,False,False,False,False,MLB2130559847_PHOTOID917247-MLB52141391907_102022_2.jpg
MLB2169990638,False,False,False,False,MLB2169990638_PHOTOID602779-MLB52444434787_112022_2.jpg
MLB2169990638,False,False,False,False,MLB2169990638_PHOTOID792965-MLB52444633035_112022_1.jpg
MLB2169990638,False,False,False,False,MLB2169990638_PHOTOID969959-MLB52444433814_112022_0.jpg
MLB2175455750,False,False,False,False,MLB2175455750_PHOTOID795603-MLB72935769606_112023_0.jpg
MLB2175455750,False,False,False,False,MLB2175455750_PHOTOID827975-MLB52443462183_112022_1.jpg
MLB2175455750,False,False,False,False,MLB2175455750_PHOTOID863508-MLB52443458250_112022_2.jpg
MLB2175455750,False,False,False,False,MLB2175455750_PHOTOID980568-MLB52443351933_112022_3.jpg
MLB2175540590,False,False,False,False,MLB2175540590_PHOTOID744809-MLB72935652544_112023_1.jpg
MLB2175540590,False,False,False,False,MLB2175540590_PHOTOID799084-MLB73014704279_112023_3.jpg
MLB2175540590,False,False,False,False,MLB2175540590_PHOTOID948838-MLB72935671950_112023_0.jpg
MLB2175540590,False,False,False,False,MLB2175540590_PHOTOID976678-MLB72935671682_112023_2.jpg
MLB2180858556,False,False,False,False,MLB2180858556_PHOTOID602569-MLB72917765285_112023_1.jpg
MLB2180858556,False,False,False,False,MLB2180858556_PHOTOID611771-MLB72917765289_112023_5.jpg
MLB2180858556,False,False,False,False,MLB2180858556_PHOTOID674544-MLB72917765281_112023_6.jpg
MLB2180858556,False,False,False,False,MLB2180858556_PHOTOID678925-MLB72917765291_112023_4.jpg
MLB2180858556,False,False,False,False,MLB2180858556_PHOTOID835649-MLB72917765279_112023_0.jpg
MLB2180858556,False,False,False,False,MLB2180858556_PHOTOID841699-MLB72917765283_112023_7.jpg
MLB2180858556,False,False,False,False,MLB2180858556_PHOTOID958571-MLB72917765287_112023_3.jpg
MLB2180858556,False,False,False,False,MLB2180858556_PHOTOID993601-MLB72917765277_112023_2.jpg
MLB2191992798,False,False,False,False,MLB2191992798_PHOTOID761502-MLB52542479649_112022_0.jpg
MLB2191992798,False,False,False,False,MLB2191992798_PHOTOID838362-MLB52539393037_112022_1.jpg
MLB2191992798,False,False,False,False,MLB2191992798_PHOTOID869267-MLB52539114954_112022_2.jpg
MLB2210991474,False,False,False,False,MLB2210991474_PHOTOID676371-MLB72942238574_112023_0.jpg
MLB2210991474,False,False,False,False,MLB2210991474_PHOTOID884523-MLB53160525910_012023_3.jpg
MLB2210991474,False,False,False,False,MLB2210991474_PHOTOID949306-MLB53160671156_012023_1.jpg
MLB2210991474,False,False,False,False,MLB2210991474_PHOTOID979870-MLB53160525911_012023_2.jpg
MLB2216527964,False,False,False,False,MLB2216527964_PHOTOID757286-MLB78269427855_082024_0.jpg
MLB2216527964,False,False,False,False,MLB2216527964_PHOTOID852066-MLB52696475103_122022_1.jpg
MLB2216527964,False,False,False,False,MLB2216527964_PHOTOID898102-MLB52696460094_122022_2.jpg
MLB2216527964,False,False,False,False,MLB2216527964_PHOTOID922376-MLB52696460093_122022_3.jpg
MLB2222869409,False,False,False,False,MLB2222869409_PHOTOID823466-MLB69837838383_062023_3.jpg
MLB2222869409,False,False,False,False,MLB2222869409_PHOTOID868664-MLB69838393109_062023_1.jpg
MLB2222869409,False,False,False,False,MLB2222869409_PHOTOID939010-MLB79436437563_092024_0.jpg
MLB2222869409,False,False,False,False,MLB2222869409_PHOTOID982000-MLB69837712833_062023_2.jpg
MLB2612111441,False,False,False,False,MLB2612111441_PHOTOID718840-MLB52519851171_112022_3.jpg
MLB2612111441,False,False,False,False,MLB2612111441_PHOTOID864809-MLB78242242273_082024_0.jpg
MLB2612111441,False,False,False,False,MLB2612111441_PHOTOID895520-MLB52519780443_112022_1.jpg
MLB2612111441,False,False,False,False,MLB2612111441_PHOTOID969453-MLB52519851169_112022_2.jpg
MLB2629279176,False,False,False,False,MLB2629279176_PHOTOID649328-MLB73361673890_122023_1.jpg
MLB2629279176,False,False,False,False,MLB2629279176_PHOTOID872463-MLB73361968568_122023_3.jpg
MLB2629279176,False,False,False,False,MLB2629279176_PHOTOID895818-MLB73361703478_122023_0.jpg
MLB2629279176,False,False,False,False,MLB2629279176_PHOTOID977207-MLB73361968558_122023_2.jpg
MLB2629285624,False,False,False,False,MLB2629285624_PHOTOID616670-MLB73451904921_122023_0.jpg
MLB2629285624,False,False,False,False,MLB2629285624_PHOTOID735498-MLB73451904933_122023_1.jpg
MLB2629285624,False,False,False,False,MLB2629285624_PHOTOID813601-MLB73451739687_122023_3.jpg
MLB2629285624,False,False,False,False,MLB2629285624_PHOTOID893303-MLB73451749539_122023_2.jpg
MLB2629524466,False,False,False,False,MLB2629524466_PHOTOID706500-MLB70893058649_082023_0.jpg
MLB2629524466,False,False,False,False,MLB2629524466_PHOTOID747755-MLB52659293336_112022_2.jpg
MLB2629524466,False,False,False,False,MLB2629524466_PHOTOID751386-MLB52659304289_112022_1.jpg
MLB2662911904,False,False,False,False,MLB2662911904_PHOTOID794472-MLB73120542613_112023_5.jpg
MLB2662911904,False,False,False,False,MLB2662911904_PHOTOID834324-MLB73120542621_112023_1.jpg
MLB2662911904,False,False,False,False,MLB2662911904_PHOTOID875501-MLB73120542617_112023_4.jpg
MLB2662911904,False,False,False,False,MLB2662911904_PHOTOID889234-MLB73120542611_112023_0.jpg
MLB2662911904,False,False,False,False,MLB2662911904_PHOTOID953601-MLB73120542619_112023_6.jpg
MLB2662911904,False,False,False,False,MLB2662911904_PHOTOID956150-MLB73120542625_112023_3.jpg
MLB2662911904,False,False,False,False,MLB2662911904_PHOTOID970288-MLB73120542615_112023_7.jpg
MLB2662911904,False,False,False,False,MLB2662911904_PHOTOID973466-MLB73120542623_112023_2.jpg
MLB2717947426,False,False,False,False,MLB2717947426_PHOTOID668529-MLB52872774561_122022_3.jpg
MLB2717947426,False,False,False,False,MLB2717947426_PHOTOID717363-MLB73115438500_122023_0.jpg
MLB2717947426,False,False,False,False,MLB2717947426_PHOTOID862619-MLB52872803374_122022_1.jpg
MLB2717947426,False,False,False,False,MLB2717947426_PHOTOID872054-MLB52872788487_122022_2.jpg
MLB2744673851,False,False,False,False,MLB2744673851_PHOTOID692308-MLB51000810720_082022_1.jpg
MLB2744673851,False,False,False,False,MLB2744673851_PHOTOID751228-MLB73059460375_112023_3.jpg
MLB2744673851,False,False,False,False,MLB2744673851_PHOTOID806244-MLB73059656077_112023_0.jpg
MLB2744673851,False,False,False,False,MLB2744673851_PHOTOID818231-MLB51000433889_082022_2.jpg
MLB2744673851,False,False,False,False,MLB2744673851_PHOTOID974804-MLB73059597359_112023_4.jpg
MLB2805712773,False,False,False,False,MLB2805712773_PHOTOID627854-MLB51615620565_092022_2.jpg
MLB2805712773,False,False,False,False,MLB2805712773_PHOTOID774271-MLB51615620563_092022_1.jpg
MLB2805712773,False,False,False,False,MLB2805712773_PHOTOID978504-MLB51615457907_092022_0.jpg
MLB2809956262,False,False,False,False,MLB2809956262_PHOTOID624088-MLB71960850144_092023_2.jpg
MLB2809956262,False,False,False,False,MLB2809956262_PHOTOID765641-MLB71960850130_092023_0.jpg
MLB2809956262,False,False,False,False,MLB2809956262_PHOTOID845423-MLB72017057893_092023_1.jpg
MLB2834385993,False,False,False,False,MLB2834385993_PHOTOID641034-MLB73099096001_112023_1.jpg
MLB2834385993,False,False,False,False,MLB2834385993_PHOTOID685107-MLB73098664461_112023_3.jpg
MLB2834385993,False,False,False,False,MLB2834385993_PHOTOID865920-MLB73017503054_112023_2.jpg
MLB2834385993,False,False,False,False,MLB2834385993_PHOTOID970477-MLB73017532286_112023_0.jpg
MLB2861127499,False,False,False,False,MLB2861127499_PHOTOID800966-MLB51178781852_082022_1.jpg
MLB2861127499,False,False,False,False,MLB2861127499_PHOTOID840563-MLB51178781855_082022_3.jpg
MLB2861127499,False,False,False,False,MLB2861127499_PHOTOID846605-MLB51178781854_082022_2.jpg
MLB2861127499,False,False,False,False,MLB2861127499_PHOTOID922433-MLB51178781853_082022_0.jpg
MLB2861127499,False,False,False,False,MLB2861127499_PHOTOID964273-MLB51178781856_082022_5.jpg
MLB2861127499,False,False,False,False,MLB2861127499_PHOTOID996191-MLB51178781851_082022_4.jpg
MLB2865279569,False,False,False,False,MLB2865279569_PHOTOID611727-MLB52004283805_102022_7.jpg
MLB2865279569,False,False,False,False,MLB2865279569_PHOTOID641115-MLB52004436236_102022_6.jpg
MLB2865279569,False,False,False,False,MLB2865279569_PHOTOID674257-MLB52004481086_102022_8.jpg
MLB2865279569,False,False,False,False,MLB2865279569_PHOTOID713955-MLB52004315715_102022_9.jpg
MLB2865279569,False,False,False,False,MLB2865279569_PHOTOID800966-MLB51178781852_082022_2.jpg
MLB2865279569,False,False,False,False,MLB2865279569_PHOTOID846605-MLB51178781854_082022_3.jpg
MLB2865279569,False,False,False,False,MLB2865279569_PHOTOID922433-MLB51178781853_082022_1.jpg
MLB2865279569,False,False,False,False,MLB2865279569_PHOTOID949144-MLB52004511147_102022_0.jpg
MLB2865279569,False,False,False,False,MLB2865279569_PHOTOID964273-MLB51178781856_082022_5.jpg
MLB2865279569,False,False,False,False,MLB2865279569_PHOTOID996191-MLB51178781851_082022_4.jpg
MLB2873188337,False,False,False,False,MLB2873188337_PHOTOID621218-MLB52044397767_102022_0.jpg
MLB2873188337,False,False,False,False,MLB2873188337_PHOTOID832687-MLB52043725978_102022_2.jpg
MLB2873188337,False,False,False,False,MLB2873188337_PHOTOID896399-MLB73066328354_112023_1.jpg
MLB2873188337,False,False,False,False,MLB2873188337_PHOTOID965155-MLB52043859424_102022_3.jpg
MLB2939499341,False,False,False,False,MLB2939499341_PHOTOID683219-MLB52382636054_112022_1.jpg
MLB2939499341,False,False,False,False,MLB2939499341_PHOTOID921160-MLB74405216695_022024_0.jpg
MLB2939499341,False,False,False,False,MLB2939499341_PHOTOID929989-MLB52382459388_112022_2.jpg
MLB2939499341,False,False,False,False,MLB2939499341_PHOTOID971910-MLB52382459389_112022_3.jpg
MLB2987074736,False,False,False,False,MLB2987074736_PHOTOID638682-MLB52559838810_112022_1.jpg
MLB2987074736,False,False,False,False,MLB2987074736_PHOTOID833268-MLB52559835828_112022_2.jpg
MLB2987074736,False,False,False,False,MLB2987074736_PHOTOID881625-MLB52559882588_112022_0.jpg
MLB2988297030,False,False,False,False,MLB2988297030_PHOTOID628627-MLB52570148523_112022_0.jpg
MLB2988297030,False,False,False,False,MLB2988297030_PHOTOID808656-MLB52570123572_112022_1.jpg
MLB2988297030,False,False,False,False,MLB2988297030_PHOTOID923872-MLB52570148524_112022_2.jpg
MLB2988781288,False,False,False,False,MLB2988781288_PHOTOID755918-MLB52574707963_112022_1.jpg
MLB2988781288,False,False,False,False,MLB2988781288_PHOTOID795689-MLB52574707964_112022_2.jpg
MLB2988781288,False,False,False,False,MLB2988781288_PHOTOID956543-MLB52574814420_112022_0.jpg
MLB2989785168,False,False,False,False,MLB2989785168_PHOTOID724852-MLB52591495882_112022_0.jpg
MLB2989785168,False,False,False,False,MLB2989785168_PHOTOID777817-MLB52591563735_112022_2.jpg
MLB2989785168,False,False,False,False,MLB2989785168_PHOTOID801498-MLB52591563736_112022_1.jpg
MLB2998101037,False,False,False,False,MLB2998101037_PHOTOID605750-MLB52629040905_112022_2.jpg
MLB2998101037,False,False,False,False,MLB2998101037_PHOTOID833007-MLB52629042864_112022_1.jpg
MLB2998101037,False,False,False,False,MLB2998101037_PHOTOID962268-MLB52629040903_112022_0.jpg
MLB3003489798,False,False,False,False,MLB3003489798_PHOTOID664961-MLB52659807381_112022_0.jpg
MLB3003489798,False,False,False,False,MLB3003489798_PHOTOID848569-MLB52659768869_112022_1.jpg
MLB3003489798,False,False,False,False,MLB3003489798_PHOTOID854610-MLB52659768868_112022_2.jpg
MLB3003654978,False,False,False,False,MLB3003654978_PHOTOID751835-MLB52660386083_112022_0.jpg
MLB3003654978,False,False,False,False,MLB3003654978_PHOTOID774236-MLB52660346795_112022_1.jpg
MLB3003654978,False,False,False,False,MLB3003654978_PHOTOID815656-MLB52660346796_112022_2.jpg
MLB3008351919,False,False,False,False,MLB3008351919_PHOTOID605902-MLB52692411660_122022_0.jpg
MLB3008351919,False,False,False,False,MLB3008351919_PHOTOID686707-MLB52693222248_122022_2.jpg
MLB3008351919,False,False,False,False,MLB3008351919_PHOTOID951199-MLB52693141276_122022_1.jpg
MLB3032615413,False,False,False,False,MLB3032615413_PHOTOID603806-MLB72980761310_112023_0.jpg
MLB3032615413,False,False,False,False,MLB3032615413_PHOTOID844935-MLB52770970471_122022_1.jpg
MLB3032615413,False,False,False,False,MLB3032615413_PHOTOID950009-MLB52770967461_122022_3.jpg
MLB3032615413,False,False,False,False,MLB3032615413_PHOTOID995864-MLB52770967460_122022_2.jpg
MLB3104227144,False,False,False,False,MLB3104227144_PHOTOID605393-MLB77999518508_082024_0.jpg
MLB3104227144,False,False,False,False,MLB3104227144_PHOTOID676956-MLB53142218578_012023_3.jpg
MLB3104227144,False,False,False,False,MLB3104227144_PHOTOID793533-MLB53142121855_012023_1.jpg
MLB3104227144,False,False,False,False,MLB3104227144_PHOTOID911184-MLB53142218580_012023_2.jpg
MLB3105985241,False,False,False,False,MLB3105985241_PHOTOID712301-MLB53352561693_012023_1.jpg
MLB3105985241,False,False,False,False,MLB3105985241_PHOTOID770927-MLB53352561697_012023_2.jpg
MLB3105985241,False,False,False,False,MLB3105985241_PHOTOID796779-MLB77504132539_072024_3.jpg
MLB3105985241,False,False,False,False,MLB3105985241_PHOTOID819879-MLB77004581352_062024_4.jpg
MLB3105985241,False,False,False,False,MLB3105985241_PHOTOID953595-MLB53352561694_012023_0.jpg
MLB3112008766,False,False,False,False,MLB3112008766_PHOTOID604089-MLB53195161351_012023_2.jpg
MLB3112008766,False,False,False,False,MLB3112008766_PHOTOID787936-MLB53195161353_012023_1.jpg
MLB3112008766,False,False,False,False,MLB3112008766_PHOTOID794334-MLB53195066655_012023_0.jpg
MLB3118860466,False,False,False,False,MLB3118860466_PHOTOID714659-MLB73119285979_112023_0.jpg
MLB3118860466,False,False,False,False,MLB3118860466_PHOTOID741874-MLB53224493308_012023_3.jpg
MLB3118860466,False,False,False,False,MLB3118860466_PHOTOID812755-MLB53224389842_012023_1.jpg
MLB3118860466,False,False,False,False,MLB3118860466_PHOTOID977591-MLB53224540133_012023_2.jpg
MLB3142889423,False,False,False,False,MLB3142889423_PHOTOID646451-MLB53393605562_012023_1.jpg
MLB3142889423,False,False,False,False,MLB3142889423_PHOTOID901260-MLB53393605563_012023_2.jpg
MLB3142889423,False,False,False,False,MLB3142889423_PHOTOID944225-MLB53393501954_012023_0.jpg
MLB3157535459,False,False,False,False,MLB3157535459_PHOTOID617912-MLB75840538455_042024_0.jpg
MLB3157535459,False,False,False,False,MLB3157535459_PHOTOID630900-MLB70930477395_082023_1.jpg
MLB3157535459,False,False,False,False,MLB3157535459_PHOTOID703657-MLB70896265862_082023_3.jpg
MLB3157535459,False,False,False,False,MLB3157535459_PHOTOID714060-MLB70895923004_082023_2.jpg
MLB3157535459,False,False,False,False,MLB3157535459_PHOTOID717296-MLB70896012066_082023_5.jpg
MLB3157535459,False,False,False,False,MLB3157535459_PHOTOID773022-MLB70896012058_082023_4.jpg
MLB3157535459,False,False,False,False,MLB3157535459_PHOTOID785500-MLB70895923016_082023_6.jpg
MLB3157535459,False,False,False,False,MLB3157535459_PHOTOID889616-MLB75840538457_042024_9.jpg
MLB3157535459,False,False,False,False,MLB3157535459_PHOTOID944446-MLB70895923018_082023_7.jpg
MLB3157535459,False,False,False,False,MLB3157535459_PHOTOID976494-MLB70896012088_082023_8.jpg
MLB3171136894,False,False,False,False,MLB3171136894_PHOTOID625440-MLB53562627562_022023_2.jpg
MLB3171136894,False,False,False,False,MLB3171136894_PHOTOID767753-MLB74410208120_022024_0.jpg
MLB3171136894,False,False,False,False,MLB3171136894_PHOTOID819056-MLB53562627575_022023_1.jpg
MLB3171136894,False,False,False,False,MLB3171136894_PHOTOID875963-MLB53562627564_022023_4.jpg
MLB3171136894,False,False,False,False,MLB3171136894_PHOTOID895346-MLB53562702169_022023_5.jpg
MLB3171136894,False,False,False,False,MLB3171136894_PHOTOID905971-MLB53562600843_022023_6.jpg
MLB3171136894,False,False,False,False,MLB3171136894_PHOTOID970188-MLB53562627566_022023_3.jpg
MLB3249419837,False,False,False,False,MLB3249419837_PHOTOID615644-MLB54247508009_032023_3.jpg
MLB3249419837,False,False,False,False,MLB3249419837_PHOTOID616235-MLB54247508007_032023_2.jpg
MLB3249419837,False,False,False,False,MLB3249419837_PHOTOID856920-MLB54247839252_032023_1.jpg
MLB3249419837,False,False,False,False,MLB3249419837_PHOTOID936006-MLB73019804355_112023_0.jpg
MLB3282473830,False,False,False,False,MLB3282473830_PHOTOID732893-MLB54284205942_032023_2.jpg
MLB3282473830,False,False,False,False,MLB3282473830_PHOTOID765554-MLB54284210096_032023_0.jpg
MLB3282473830,False,False,False,False,MLB3282473830_PHOTOID801858-MLB54284205940_032023_1.jpg
MLB3287329395,False,False,False,False,MLB3287329395_PHOTOID779098-MLB72899572982_112023_2.jpg
MLB3287329395,False,False,False,False,MLB3287329395_PHOTOID811809-MLB72899849718_112023_0.jpg
MLB3287329395,False,False,False,False,MLB3287329395_PHOTOID868595-MLB72977710127_112023_3.jpg
MLB3287329395,False,False,False,False,MLB3287329395_PHOTOID973019-MLB72977700241_112023_1.jpg
MLB3290573269,False,False,False,False,MLB3290573269_PHOTOID623703-MLB73362885398_122023_1.jpg
MLB3290573269,False,False,False,False,MLB3290573269_PHOTOID688781-MLB73452874775_122023_2.jpg
MLB3290573269,False,False,False,False,MLB3290573269_PHOTOID841551-MLB73362915086_122023_3.jpg
MLB3290573269,False,False,False,False,MLB3290573269_PHOTOID966743-MLB73362885404_122023_0.jpg
MLB3308416075,False,False,False,False,MLB3308416075_PHOTOID603149-MLB77816976187_072024_0.jpg
MLB3308416075,False,False,False,False,MLB3308416075_PHOTOID622819-MLB77816808199_072024_2.jpg
MLB3308416075,False,False,False,False,MLB3308416075_PHOTOID687719-MLB54983893101_052023_9.jpg
MLB3308416075,False,False,False,False,MLB3308416075_PHOTOID696466-MLB69256627014_052023_1.jpg
MLB3308416075,False,False,False,False,MLB3308416075_PHOTOID810176-MLB54983898865_052023_6.jpg
MLB3308416075,False,False,False,False,MLB3308416075_PHOTOID836439-MLB69263162571_052023_5.jpg
MLB3308416075,False,False,False,False,MLB3308416075_PHOTOID850264-MLB77816987139_072024_3.jpg
MLB3308416075,False,False,False,False,MLB3308416075_PHOTOID852059-MLB69256627038_052023_7.jpg
MLB3308416075,False,False,False,False,MLB3308416075_PHOTOID932114-MLB54983900475_052023_8.jpg
MLB3308416075,False,False,False,False,MLB3308416075_PHOTOID966471-MLB69263162563_052023_4.jpg
MLB3314325399,False,False,False,False,MLB3314325399_PHOTOID622542-MLB69360359738_052023_3.jpg
MLB3314325399,False,False,False,False,MLB3314325399_PHOTOID674792-MLB69360359734_052023_2.jpg
MLB3314325399,False,False,False,False,MLB3314325399_PHOTOID684898-MLB69360359736_052023_4.jpg
MLB3314325399,False,False,False,False,MLB3314325399_PHOTOID786057-MLB69360359744_052023_5.jpg
MLB3314325399,False,False,False,False,MLB3314325399_PHOTOID890725-MLB69360359740_052023_1.jpg
MLB3314325399,False,False,False,False,MLB3314325399_PHOTOID901030-MLB69360359746_052023_0.jpg
MLB3314325399,False,False,False,False,MLB3314325399_PHOTOID925176-MLB69360359742_052023_6.jpg
MLB3329600367,False,False,False,False,MLB3329600367_PHOTOID612175-MLB69622408708_052023_2.jpg
MLB3329600367,False,False,False,False,MLB3329600367_PHOTOID682431-MLB69622408710_052023_0.jpg
MLB3329600367,False,False,False,False,MLB3329600367_PHOTOID838629-MLB69622408712_052023_1.jpg
MLB3337424304,False,False,False,False,MLB3337424304_PHOTOID709609-MLB72919427888_112023_1.jpg
MLB3337424304,False,False,False,False,MLB3337424304_PHOTOID762576-MLB72998165177_112023_3.jpg
MLB3337424304,False,False,False,False,MLB3337424304_PHOTOID830048-MLB72998116431_112023_2.jpg
MLB3337424304,False,False,False,False,MLB3337424304_PHOTOID973451-MLB72919290330_112023_0.jpg
MLB3354515471,False,False,False,False,MLB3354515471_PHOTOID851667-MLB70090811625_062023_0.jpg
MLB3354515471,False,False,False,False,MLB3354515471_PHOTOID962709-MLB70090980203_062023_2.jpg
MLB3354515471,False,False,False,False,MLB3354515471_PHOTOID999687-MLB70090980201_062023_1.jpg
MLB3367253531,False,False,False,False,MLB3367253531_PHOTOID662189-MLB70325833703_072023_0.jpg
MLB3367253531,False,False,False,False,MLB3367253531_PHOTOID850088-MLB70325833709_072023_3.jpg
MLB3367253531,False,False,False,False,MLB3367253531_PHOTOID924250-MLB70325833707_072023_1.jpg
MLB3367253531,False,False,False,False,MLB3367253531_PHOTOID984287-MLB70325833705_072023_2.jpg
MLB3422107345,False,False,False,False,MLB3422107345_PHOTOID609390-MLB69594781860_052023_6.jpg
MLB3422107345,False,False,False,False,MLB3422107345_PHOTOID644435-MLB69594781858_052023_3.jpg
MLB3422107345,False,False,False,False,MLB3422107345_PHOTOID662356-MLB69594781698_052023_9.jpg
MLB3422107345,False,False,False,False,MLB3422107345_PHOTOID666458-MLB69594817734_052023_2.jpg
MLB3422107345,False,False,False,False,MLB3422107345_PHOTOID722691-MLB69608928215_052023_0.jpg
MLB3422107345,False,False,False,False,MLB3422107345_PHOTOID784835-MLB69594817684_052023_7.jpg
MLB3422107345,False,False,False,False,MLB3422107345_PHOTOID805922-MLB69608928219_052023_1.jpg
MLB3422107345,False,False,False,False,MLB3422107345_PHOTOID817227-MLB69608544549_052023_8.jpg
MLB3422107345,False,False,False,False,MLB3422107345_PHOTOID962024-MLB69609020979_052023_5.jpg
MLB3422107345,False,False,False,False,MLB3422107345_PHOTOID994242-MLB69594817736_052023_4.jpg
MLB3474545039,False,False,False,False,MLB3474545039_PHOTOID617210-MLB72199734285_102023_0.jpg
MLB3474545039,False,False,False,False,MLB3474545039_PHOTOID619900-MLB72200157527_102023_1.jpg
MLB3474545039,False,False,False,False,MLB3474545039_PHOTOID820074-MLB72200157541_102023_2.jpg
MLB3617698198,False,False,False,False,MLB3617698198_PHOTOID641256-MLB69381358032_052023_6.jpg
MLB3617698198,False,False,False,False,MLB3617698198_PHOTOID655181-MLB69381358028_052023_7.jpg
MLB3617698198,False,False,False,False,MLB3617698198_PHOTOID695248-MLB69381358036_052023_3.jpg
MLB3617698198,False,False,False,False,MLB3617698198_PHOTOID725342-MLB69381358026_052023_0.jpg
MLB3617698198,False,False,False,False,MLB3617698198_PHOTOID769692-MLB69381358030_052023_4.jpg
MLB3617698198,False,False,False,False,MLB3617698198_PHOTOID789745-MLB69381358024_052023_1.jpg
MLB3617698198,False,False,False,False,MLB3617698198_PHOTOID828368-MLB69381358034_052023_5.jpg
MLB3617698198,False,False,False,False,MLB3617698198_PHOTOID890327-MLB69381358038_052023_2.jpg
MLB3669216146,False,False,False,False,MLB3669216146_PHOTOID642618-MLB69616919494_052023_0.jpg
MLB3669216146,False,False,False,False,MLB3669216146_PHOTOID931351-MLB69616919496_052023_2.jpg
MLB3669216146,False,False,False,False,MLB3669216146_PHOTOID941180-MLB69616919492_052023_1.jpg
MLB3669254014,False,False,False,False,MLB3669254014_PHOTOID696845-MLB69630523935_052023_0.jpg
MLB3669254014,False,False,False,False,MLB3669254014_PHOTOID784616-MLB69631174765_052023_2.jpg
MLB3669254014,False,False,False,False,MLB3669254014_PHOTOID988921-MLB69631174767_052023_1.jpg
MLB3687317118,False,False,False,False,MLB3687317118_PHOTOID766288-MLB69736176297_052023_2.jpg
MLB3687317118,False,False,False,False,MLB3687317118_PHOTOID819579-MLB72940570504_112023_0.jpg
MLB3687317118,False,False,False,False,MLB3687317118_PHOTOID906310-MLB69736176301_052023_1.jpg
MLB3687317118,False,False,False,False,MLB3687317118_PHOTOID933346-MLB69736176299_052023_3.jpg
MLB3689479953,False,False,False,False,MLB3689479953_PHOTOID737303-MLB76567076463_052024_3.jpg
MLB3689479953,False,False,False,False,MLB3689479953_PHOTOID755768-MLB76566232189_052024_0.jpg
MLB3689479953,False,False,False,False,MLB3689479953_PHOTOID760644-MLB76346211421_052024_1.jpg
MLB3689479953,False,False,False,False,MLB3689479953_PHOTOID790506-MLB76372980756_052024_4.jpg
MLB3689479953,False,False,False,False,MLB3689479953_PHOTOID814286-MLB76566292147_052024_5.jpg
MLB3689479953,False,False,False,False,MLB3689479953_PHOTOID836039-MLB76566839161_052024_2.jpg
MLB3689479953,False,False,False,False,MLB3689479953_PHOTOID864451-MLB76346211425_052024_9.jpg
MLB3689479953,False,False,False,False,MLB3689479953_PHOTOID912074-MLB76346211427_052024_8.jpg
MLB3689479953,False,False,False,False,MLB3689479953_PHOTOID945558-MLB76372980770_052024_6.jpg
MLB3689479953,False,False,False,False,MLB3689479953_PHOTOID976095-MLB76566262279_052024_7.jpg
MLB3689528547,False,False,False,False,MLB3689528547_PHOTOID652353-MLB76346229921_052024_9.jpg
MLB3689528547,False,False,False,False,MLB3689528547_PHOTOID655108-MLB76566839229_052024_5.jpg
MLB3689528547,False,False,False,False,MLB3689528547_PHOTOID667980-MLB76567146077_052024_2.jpg
MLB3689528547,False,False,False,False,MLB3689528547_PHOTOID724697-MLB76346229931_052024_8.jpg
MLB3689528547,False,False,False,False,MLB3689528547_PHOTOID858133-MLB76566292163_052024_0.jpg
MLB3689528547,False,False,False,False,MLB3689528547_PHOTOID882205-MLB76565853899_052024_4.jpg
MLB3689528547,False,False,False,False,MLB3689528547_PHOTOID898078-MLB76346229917_052024_1.jpg
MLB3689528547,False,False,False,False,MLB3689528547_PHOTOID919316-MLB76566839237_052024_7.jpg
MLB3689528547,False,False,False,False,MLB3689528547_PHOTOID931692-MLB76372920852_052024_3.jpg
MLB3689528547,False,False,False,False,MLB3689528547_PHOTOID945323-MLB76565853907_052024_6.jpg
MLB3761020852,False,False,False,False,MLB3761020852_PHOTOID719154-MLB70236669937_062023_2.jpg
MLB3761020852,False,False,False,False,MLB3761020852_PHOTOID729145-MLB75061099583_032024_0.jpg
MLB3761020852,False,False,False,False,MLB3761020852_PHOTOID744296-MLB75061099581_032024_1.jpg
MLB3761020852,False,False,False,False,MLB3761020852_PHOTOID922503-MLB70236669935_062023_3.jpg
MLB3761021208,False,False,False,False,MLB3761021208_PHOTOID689840-MLB70214769610_062023_3.jpg
MLB3761021208,False,False,False,False,MLB3761021208_PHOTOID719708-MLB75061100829_032024_0.jpg
MLB3761021208,False,False,False,False,MLB3761021208_PHOTOID942531-MLB70214769612_062023_2.jpg
MLB3761021208,False,False,False,False,MLB3761021208_PHOTOID963884-MLB75061100827_032024_1.jpg
MLB3772015274,False,False,False,False,MLB3772015274_PHOTOID650801-MLB70302113444_072023_1.jpg
MLB3772015274,False,False,False,False,MLB3772015274_PHOTOID732434-MLB70302113442_072023_0.jpg
MLB3772015274,False,False,False,False,MLB3772015274_PHOTOID927497-MLB70302113438_072023_3.jpg
MLB3772015274,False,False,False,False,MLB3772015274_PHOTOID945437-MLB70302113440_072023_2.jpg
MLB3774524762,False,False,False,False,MLB3774524762_PHOTOID619711-MLB70346994381_072023_1.jpg
MLB3774524762,False,False,False,False,MLB3774524762_PHOTOID848240-MLB70323315476_072023_0.jpg
MLB3774524762,False,False,False,False,MLB3774524762_PHOTOID976920-MLB70346994379_072023_2.jpg
MLB3779147769,False,False,False,False,MLB3779147769_PHOTOID603402-MLB74154588217_012024_0.jpg
MLB3779147769,False,False,False,False,MLB3779147769_PHOTOID726357-MLB74154232497_012024_1.jpg
MLB3779147769,False,False,False,False,MLB3779147769_PHOTOID805622-MLB74047620844_012024_3.jpg
MLB3779147769,False,False,False,False,MLB3779147769_PHOTOID826214-MLB74047720194_012024_2.jpg
MLB3782181835,False,False,False,False,MLB3782181835_PHOTOID732074-MLB77546740116_072024_3.jpg
MLB3782181835,False,False,False,False,MLB3782181835_PHOTOID782444-MLB77547016152_072024_1.jpg
MLB3782181835,False,False,False,False,MLB3782181835_PHOTOID819847-MLB77547305398_072024_0.jpg
MLB3782181835,False,False,False,False,MLB3782181835_PHOTOID904129-MLB77764579893_072024_2.jpg
MLB3782613953,False,False,False,False,MLB3782613953_PHOTOID689816-MLB72899231800_112023_0.jpg
MLB3782613953,False,False,False,False,MLB3782613953_PHOTOID704636-MLB72899143104_112023_1.jpg
MLB3782613953,False,False,False,False,MLB3782613953_PHOTOID752227-MLB72977132065_112023_3.jpg
MLB3782613953,False,False,False,False,MLB3782613953_PHOTOID983828-MLB72977121997_112023_2.jpg
MLB3783492431,False,False,False,False,MLB3783492431_PHOTOID608065-MLB77570216316_072024_2.jpg
MLB3783492431,False,False,False,False,MLB3783492431_PHOTOID680780-MLB77569490470_072024_1.jpg
MLB3783492431,False,False,False,False,MLB3783492431_PHOTOID808630-MLB77572883680_072024_0.jpg
MLB3785456645,False,False,False,False,MLB3785456645_PHOTOID782762-MLB77821082239_072024_3.jpg
MLB3785456645,False,False,False,False,MLB3785456645_PHOTOID794030-MLB77821711273_072024_0.jpg
MLB3785456645,False,False,False,False,MLB3785456645_PHOTOID874616-MLB77602372502_072024_2.jpg
MLB3785456645,False,False,False,False,MLB3785456645_PHOTOID892682-MLB77603276446_072024_1.jpg
MLB3785554059,False,False,False,False,MLB3785554059_PHOTOID803370-MLB72957201226_112023_0.jpg
MLB3785554059,False,False,False,False,MLB3785554059_PHOTOID865634-MLB53455874844_012023_1.jpg
MLB3785554059,False,False,False,False,MLB3785554059_PHOTOID878430-MLB53455956723_012023_3.jpg
MLB3785554059,False,False,False,False,MLB3785554059_PHOTOID884135-MLB53455956724_012023_2.jpg
MLB3805029641,False,False,False,False,MLB3805029641_PHOTOID605035-MLB78196373079_082024_0.jpg
MLB3805029641,False,False,False,False,MLB3805029641_PHOTOID696773-MLB77972198796_082024_2.jpg
MLB3805029641,False,False,False,False,MLB3805029641_PHOTOID768580-MLB77972089986_082024_3.jpg
MLB3805029641,False,False,False,False,MLB3805029641_PHOTOID818919-MLB77972449642_082024_1.jpg
MLB3833606473,False,False,False,False,MLB3833606473_PHOTOID618379-MLB79689089499_102024_0.jpg
MLB3833606473,False,False,False,False,MLB3833606473_PHOTOID750970-MLB79689089505_102024_2.jpg
MLB3833606473,False,False,False,False,MLB3833606473_PHOTOID907788-MLB79689089503_102024_1.jpg
MLB3833606473,False,False,False,False,MLB3833606473_PHOTOID961058-MLB79689089501_102024_3.jpg
MLB4188240522,False,False,False,False,MLB4188240522_PHOTOID771353-MLB72688213294_112023_1.jpg
MLB4188240522,False,False,False,False,MLB4188240522_PHOTOID850855-MLB72761871517_112023_2.jpg
MLB4188240522,False,False,False,False,MLB4188240522_PHOTOID871892-MLB72688233334_112023_0.jpg
MLB4372389756,False,False,False,False,MLB4372389756_PHOTOID728863-MLB73928639328_012024_1.jpg
MLB4372389756,False,False,False,False,MLB4372389756_PHOTOID823135-MLB73928639324_012024_2.jpg
MLB4372389756,False,False,False,False,MLB4372389756_PHOTOID966122-MLB73928639326_012024_0.jpg
MLB4685748326,False,False,False,False,MLB4685748326_PHOTOID601434-MLB76205273888_052024_4.jpg
MLB4685748326,False,False,False,False,MLB4685748326_PHOTOID608114-MLB76573666159_052024_3.jpg
MLB4685748326,False,False,False,False,MLB4685748326_PHOTOID643290-MLB76379561792_052024_7.jpg
MLB4685748326,False,False,False,False,MLB4685748326_PHOTOID707673-MLB79909942369_102024_0.jpg
MLB4685748326,False,False,False,False,MLB4685748326_PHOTOID721033-MLB76379561784_052024_6.jpg
MLB4685748326,False,False,False,False,MLB4685748326_PHOTOID833292-MLB76573123603_052024_2.jpg
MLB4685748326,False,False,False,False,MLB4685748326_PHOTOID877019-MLB76379865716_052024_5.jpg
MLB4685748326,False,False,False,False,MLB4685748326_PHOTOID889452-MLB76205273880_052024_8.jpg
MLB4685748326,False,False,False,False,MLB4685748326_PHOTOID934705-MLB76573785011_052024_1.jpg
MLB4685748326,False,False,False,False,MLB4685748326_PHOTOID999961-MLB76205273884_052024_9.jpg
MLB4685760156,False,False,False,False,MLB4685760156_PHOTOID615375-MLB76379333680_052024_4.jpg
MLB4685760156,False,False,False,False,MLB4685760156_PHOTOID622794-MLB76573014373_052024_1.jpg
MLB4685760156,False,False,False,False,MLB4685760156_PHOTOID664612-MLB76379343648_052024_6.jpg
MLB4685760156,False,False,False,False,MLB4685760156_PHOTOID699568-MLB76379383068_052024_0.jpg
MLB4685760156,False,False,False,False,MLB4685760156_PHOTOID750795-MLB76573724719_052024_2.jpg
MLB4685760156,False,False,False,False,MLB4685760156_PHOTOID764120-MLB76573714753_052024_7.jpg
MLB4685760156,False,False,False,False,MLB4685760156_PHOTOID775927-MLB76393409767_052024_5.jpg
MLB4685760156,False,False,False,False,MLB4685760156_PHOTOID821042-MLB76393409759_052024_9.jpg
MLB4685760156,False,False,False,False,MLB4685760156_PHOTOID827937-MLB76573201539_052024_3.jpg
MLB4685760156,False,False,False,False,MLB4685760156_PHOTOID932073-MLB76393409765_052024_8.jpg
MLB4685878722,False,False,False,False,MLB4685878722_PHOTOID629566-MLB76568559119_052024_6.jpg
MLB4685878722,False,False,False,False,MLB4685878722_PHOTOID671967-MLB76568559115_052024_4.jpg
MLB4685878722,False,False,False,False,MLB4685878722_PHOTOID721513-MLB76374910026_052024_1.jpg
MLB4685878722,False,False,False,False,MLB4685878722_PHOTOID728530-MLB76374910022_052024_3.jpg
MLB4685878722,False,False,False,False,MLB4685878722_PHOTOID738215-MLB76393418367_052024_9.jpg
MLB4685878722,False,False,False,False,MLB4685878722_PHOTOID742542-MLB76393418355_052024_8.jpg
MLB4685878722,False,False,False,False,MLB4685878722_PHOTOID756190-MLB76393418353_052024_5.jpg
MLB4685878722,False,False,False,False,MLB4685878722_PHOTOID934991-MLB76568312233_052024_0.jpg
MLB4685878722,False,False,False,False,MLB4685878722_PHOTOID973264-MLB76568213775_052024_2.jpg
MLB4685878722,False,False,False,False,MLB4685878722_PHOTOID988043-MLB76568213801_052024_7.jpg
MLB4862472506,False,False,False,False,MLB4862472506_PHOTOID676193-MLB77270495490_072024_0.jpg
MLB4862472506,False,False,False,False,MLB4862472506_PHOTOID711363-MLB77270495484_072024_1.jpg
MLB4862472506,False,False,False,False,MLB4862472506_PHOTOID828004-MLB77270495492_072024_5.jpg
MLB4862472506,False,False,False,False,MLB4862472506_PHOTOID836554-MLB77270495486_072024_3.jpg
MLB4862472506,False,False,False,False,MLB4862472506_PHOTOID840654-MLB77270495494_072024_4.jpg
MLB4862472506,False,False,False,False,MLB4862472506_PHOTOID863666-MLB77270495482_072024_2.jpg
MLB4862472506,False,False,False,False,MLB4862472506_PHOTOID993652-MLB77270495488_072024_6.jpg
MLB4874503734,False,False,False,False,MLB4874503734_PHOTOID859032-MLB52469740222_112022_1.jpg
MLB4874503734,False,False,False,False,MLB4874503734_PHOTOID884816-MLB73127961363_112023_0.jpg
MLB4874503734,False,False,False,False,MLB4874503734_PHOTOID893860-MLB52469607848_112022_2.jpg
MLB4874503734,False,False,False,False,MLB4874503734_PHOTOID911071-MLB52469594908_112022_3.jpg
MLB4883219500,False,False,False,False,MLB4883219500_PHOTOID667138-MLB77619835425_072024_1.jpg
MLB4883219500,False,False,False,False,MLB4883219500_PHOTOID779692-MLB77402957052_072024_3.jpg
MLB4883219500,False,False,False,False,MLB4883219500_PHOTOID815091-MLB77618999217_072024_4.jpg
MLB4883219500,False,False,False,False,MLB4883219500_PHOTOID858899-MLB77403145432_072024_2.jpg
MLB4883219500,False,False,False,False,MLB4883219500_PHOTOID914752-MLB77402723222_072024_0.jpg
MLB4883219500,False,False,False,False,MLB4883219500_PHOTOID930794-MLB77618929923_072024_5.jpg
MLB4918823548,False,False,False,False,MLB4918823548_PHOTOID646145-MLB72977709959_112023_2.jpg
MLB4918823548,False,False,False,False,MLB4918823548_PHOTOID676615-MLB72978045671_112023_0.jpg
MLB4918823548,False,False,False,False,MLB4918823548_PHOTOID709326-MLB72899522840_112023_1.jpg
MLB4918823548,False,False,False,False,MLB4918823548_PHOTOID834618-MLB72900105922_112023_3.jpg
MLB4932068206,False,False,False,False,MLB4932068206_PHOTOID662664-MLB77901565043_072024_4.jpg
MLB4932068206,False,False,False,False,MLB4932068206_PHOTOID733545-MLB77901545079_072024_2.jpg
MLB4932068206,False,False,False,False,MLB4932068206_PHOTOID736144-MLB77682246734_072024_0.jpg
MLB4932068206,False,False,False,False,MLB4932068206_PHOTOID780208-MLB77681414292_072024_1.jpg
MLB4932068206,False,False,False,False,MLB4932068206_PHOTOID827914-MLB77681869098_072024_3.jpg
MLB4973434150,False,False,False,False,MLB4973434150_PHOTOID739057-MLB78195381763_082024_3.jpg
MLB4973434150,False,False,False,False,MLB4973434150_PHOTOID817739-MLB77971487874_082024_1.jpg
MLB4973434150,False,False,False,False,MLB4973434150_PHOTOID908424-MLB77971291822_082024_0.jpg
MLB4973434150,False,False,False,False,MLB4973434150_PHOTOID982781-MLB77971301670_082024_2.jpg
MLB4973489420,False,False,False,False,MLB4973489420_PHOTOID699432-MLB78196096405_082024_1.jpg
MLB4973489420,False,False,False,False,MLB4973489420_PHOTOID770547-MLB78195614101_082024_2.jpg
MLB4973489420,False,False,False,False,MLB4973489420_PHOTOID824623-MLB78195594325_082024_3.jpg
MLB4973489420,False,False,False,False,MLB4973489420_PHOTOID856416-MLB78195918963_082024_0.jpg
MLB4973921142,False,False,False,False,MLB4973921142_PHOTOID750180-MLB77974579704_082024_3.jpg
MLB4973921142,False,False,False,False,MLB4973921142_PHOTOID901113-MLB78199115323_082024_1.jpg
MLB4973921142,False,False,False,False,MLB4973921142_PHOTOID901894-MLB78198997267_082024_0.jpg
MLB4973921142,False,False,False,False,MLB4973921142_PHOTOID981807-MLB78198801807_082024_2.jpg
MLB5072960738,False,False,False,False,MLB5072960738_PHOTOID618282-MLB79170568026_092024_2.jpg
MLB5072960738,False,False,False,False,MLB5072960738_PHOTOID692481-MLB79170716150_092024_1.jpg
MLB5072960738,False,False,False,False,MLB5072960738_PHOTOID853404-MLB79413105785_092024_0.jpg
MLB5072960738,False,False,False,False,MLB5072960738_PHOTOID863907-MLB79412590049_092024_3.jpg
MLB692633994,False,False,False,False,MLB692633994_PHOTOID605955-MLB52482590382_112022_0.jpg
MLB692633994,False,False,False,False,MLB692633994_PHOTOID634337-MLB52482433934_112022_1.jpg
MLB692633994,False,False,False,False,MLB692633994_PHOTOID687746-MLB52482445913_112022_2.jpg
MLB699448262,False,False,False,False,MLB699448262_PHOTOID701387-MLB52237413211_112022_2.jpg
MLB699448262,False,False,False,False,MLB699448262_PHOTOID961371-MLB52237413210_112022_1.jpg
MLB699448262,False,False,False,False,MLB699448262_PHOTOID966602-MLB52237421188_112022_0.jpg
MLB699450496,False,False,False,False,MLB699450496_PHOTOID870528-MLB52660659705_112022_2.jpg
MLB699450496,False,False,False,False,MLB699450496_PHOTOID983638-MLB52660659704_112022_1.jpg
MLB699450496,False,False,False,False,MLB699450496_PHOTOID998617-MLB52660554848_112022_0.jpg
MLB699450687,False,False,False,False,MLB699450687_PHOTOID779433-MLB52371604937_112022_0.jpg
MLB699450687,False,False,False,False,MLB699450687_PHOTOID992703-MLB52371760148_112022_1.jpg
MLB699450687,False,False,False,False,MLB699450687_PHOTOID998339-MLB52371760149_112022_2.jpg
MLB705234488,False,False,False,False,MLB705234488_PHOTOID755052-MLB52958691236_122022_3.jpg
MLB705234488,False,False,False,False,MLB705234488_PHOTOID825170-MLB52958706858_122022_1.jpg
MLB705234488,False,False,False,False,MLB705234488_PHOTOID843973-MLB52958691238_122022_2.jpg
MLB705234488,False,False,False,False,MLB705234488_PHOTOID993129-MLB72920862574_112023_0.jpg
MLB735420975,False,False,False,False,MLB735420975_PHOTOID859032-MLB52469740222_112022_1.jpg
MLB735420975,False,False,False,False,MLB735420975_PHOTOID884816-MLB73127961363_112023_0.jpg
MLB735420975,False,False,False,False,MLB735420975_PHOTOID893860-MLB52469607848_112022_2.jpg
MLB735420975,False,False,False,False,MLB735420975_PHOTOID911071-MLB52469594908_112022_3.jpg
MLB764980357,False,False,False,False,MLB764980357_PHOTOID626709-MLB54961353475_042023_0.jpg
MLB764980357,False,False,False,False,MLB764980357_PHOTOID978168-MLB41106285990_032020_1.jpg
MLB949117561,False,False,False,False,MLB949117561_PHOTOID656335-MLB72875266776_112023_0.jpg
MLB949117561,False,False,False,False,MLB949117561_PHOTOID859830-MLB72741578372_112023_1.jpg
MLB949117561,False,False,False,False,MLB949117561_PHOTOID923857-MLB72816357717_112023_3.jpg
MLB949117561,False,False,False,False,MLB949117561_PHOTOID951256-MLB72741656732_112023_2.jpg
MLB998998905,False,False,False,False,MLB998998905_PHOTOID754904-MLB69740752555_052023_1.jpg
MLB998998905,False,False,False,False,MLB998998905_PHOTOID792291-MLB69725326836_052023_2.jpg
MLB998998905,False,False,False,False,MLB998998905_PHOTOID975412-MLB69725326834_052023_0.jpg
